{"flutter":{"platforms":{"android":{"default":{"projectId":"food-1294e","appId":"1:715094877913:android:c2c6fe352d6fc86c1240c8","fileOutput":"android/app/google-services.json"}},"dart":{"lib/firebase_options.dart":{"projectId":"food-1294e","configurations":{"android":"1:715094877913:android:c2c6fe352d6fc86c1240c8","ios":"1:715094877913:ios:cba2f5a65b42d7461240c8","macos":"1:715094877913:ios:cba2f5a65b42d7461240c8","web":"1:715094877913:web:5ecbf8cb09d7dd671240c8","windows":"1:715094877913:web:aba280eecc1a2b7b1240c8"}}}}}}